ObsID,variable,absolute_error
sch01_tch01_03_19_18_period03,IsQuestion,0.1795151526875069
sch01_tch01_03_19_18_period05,IsQuestion,0.05892686020755286
sch01_tch01_04_05_18_period02,IsQuestion,0.14534071259184728
sch01_tch01_04_05_18_period03,IsQuestion,0.004946445057926407
sch01_tch01_04_05_18_period05,IsQuestion,0.07384374646287667
sch01_tch01_04_16_18_period02,IsQuestion,0.20353908075427252
sch01_tch01_04_23_18_period05,IsQuestion,0.08880718261494525
sch01_tch01_04_24_18_period03,IsQuestion,0.060485166969473786
sch01_tch01_04_24_18_period05,IsQuestion,0.16610778177388397
sch01_tch02_04_26_18_period05,IsQuestion,0.10246967401235577
sch01_tch02_04_26_18_period06,IsQuestion,0.014978032185952228
sch01_tch02_04_27_18_period05,IsQuestion,0.2127274618998712
sch01_tch02_04_27_18_period06,IsQuestion,0.1395102516562878
sch01_tch02_04_30_18_period06,IsQuestion,0.015959252294230564
sch01_tch02_05_02_18_period05,IsQuestion,0.13738634901710323
sch01_tch02_05_02_18_period06,IsQuestion,0.05310744939731926
sch01_tch02_05_03_18_period05,IsQuestion,0.09436266737168639
sch01_tch02_05_03_18_period06,IsQuestion,0.10948042028454497
sch01_tch03_02_28_18_period04,IsQuestion,0.024897965645125864
sch01_tch03_03_01_18_period03,IsQuestion,0.03096342049036016
sch01_tch03_03_12_18_period03,IsQuestion,0.15933862542348193
sch01_tch03_03_12_18_period04,IsQuestion,0.08455192575785409
sch01_tch03_03_15_18_period04,IsQuestion,0.03970291454311298
sch01_tch04_03_07_18_period05,IsQuestion,0.056575102279368766
sch01_tch04_03_08_18_period05,IsQuestion,0.02840388934164617
sch01_tch04_04_27_18_period05,IsQuestion,0.08633119661837031
sch01_tch04_04_30_18_period04,IsQuestion,0.1796943172800728
sch01_tch04_04_30_18_period05,IsQuestion,0.029983610197092864
sch01_tch04_05_01_18_period04,IsQuestion,0.18815771234542375
sch01_tch04_05_02_18_period04,IsQuestion,0.09904914487829894
sch01_tch05_04_10_18_period02,IsQuestion,0.17696351460803206
sch01_tch05_04_10_18_period04,IsQuestion,0.06603757303005608
sch01_tch05_04_11_18_period01,IsQuestion,0.01924492901793029
sch01_tch05_04_11_18_period04,IsQuestion,0.014640634629486449
sch01_tch05_04_12_18_period02,IsQuestion,0.0564635760322581
sch01_tch05_04_12_18_period04,IsQuestion,0.08848718797758648
sch01_tch05_04_17_18_period02,IsQuestion,0.003548266383637755
sch01_tch05_04_17_18_period04,IsQuestion,0.050476313147257756
sch02_tch01_03_07_18_period1516,IsQuestion,0.031766727475268985
sch02_tch01_03_08_18_period1314,IsQuestion,0.12608640396612003
sch02_tch01_03_08_18_period1516,IsQuestion,0.0140952692030544
sch02_tch01_03_09_18_period1314,IsQuestion,0.02386010902044028
sch02_tch01_03_09_18_period1516,IsQuestion,0.1089985855774444
sch02_tch01_03_12_18_period1516,IsQuestion,0.07655535776827388
sch02_tch01_03_14_18_period1314,IsQuestion,0.13507123560373427
sch02_tch01_03_14_18_period1516,IsQuestion,0.028267159830882682
sch02_tch01_03_16_18_period1314,IsQuestion,0.07642111026201431
sch02_tch02_02_28_18_period05-06,IsQuestion,0.13347289314819294
sch02_tch02_02_28_18_period13-14,IsQuestion,0.1412009679379963
sch02_tch02_03_01_18_period05-06,IsQuestion,0.20003032435336118
sch02_tch02_03_01_18_period13-14,IsQuestion,0.23508655594115707
sch02_tch02_03_07_18_period05-06,IsQuestion,0.22992762271239553
sch02_tch02_04_23_18_period13-14,IsQuestion,0.061052423638323194
sch02_tch02_04_24_18_period5-6,IsQuestion,0.0346349192532841
sch02_tch02_04_24_18_period7-8,IsQuestion,0.08966814820324644
sch02_tch02_04_26_18_period13-14,IsQuestion,0.038437287572440915
sch02_tch03_04_10_18_period02,IsQuestion,0.09445292546128872
sch02_tch03_04_10_18_period03,IsQuestion,0.06017870152910626
sch02_tch03_04_11_18_period02,IsQuestion,0.16477409308377117
sch02_tch03_04_11_18_period03,IsQuestion,0.09515633299023096
sch02_tch03_04_12_18_period02,IsQuestion,0.13476061458734687
sch02_tch03_04_12_18_period03,IsQuestion,0.050498427532765955
sch02_tch03_04_18_18_period02,IsQuestion,0.16073775814305435
sch02_tch03_04_18_18_period03,IsQuestion,0.013860686104872788
sch02_tch04_04_09_18_period05,IsQuestion,0.10125354376227355
sch02_tch04_04_09_18_period15,IsQuestion,0.06761385956944363
sch02_tch04_04_11_18_period05,IsQuestion,0.1187761431969848
sch02_tch04_04_11_18_period15,IsQuestion,0.1280930380202136
sch02_tch04_04_16_18_period05,IsQuestion,0.14242684935708394
sch02_tch04_04_16_18_period15,IsQuestion,0.016979751861312897
sch02_tch04_04_19_18_period05,IsQuestion,0.06782889966673869
sch02_tch04_04_19_18_period15,IsQuestion,0.017730576847173107
sch02_tch05_04_26_18_period1,IsQuestion,0.00792340195080743
sch02_tch05_04_26_18_period3,IsQuestion,0.19320758740440724
sch02_tch05_04_27_18_period1,IsQuestion,0.0806876487902507
sch02_tch05_04_27_18_period3,IsQuestion,0.013556617045960964
sch02_tch05_04_30_18_period1,IsQuestion,0.16618013850191912
sch02_tch05_04_30_18_period3,IsQuestion,0.0566669137230188
sch02_tch05_05_01_18_period1,IsQuestion,0.12172973122293723
sch02_tch05_05_01_18_period3,IsQuestion,0.13970178503322514
sch02_tch06_05_03_18_period1-2,IsQuestion,0.14237143301147592
sch02_tch06_05_03_18_period3-4,IsQuestion,0.10265111617169265
sch02_tch06_05_04_18_period1-2,IsQuestion,0.05733420006453892
sch02_tch06_05_07_18_period3-4,IsQuestion,0.02381641811283705
sch02_tch06_05_10_18_period3-4,IsQuestion,0.04169394476377064
sch02_tch06_05_14_18_period3-4,IsQuestion,0.07441880915675814
sch02_tch06_05_16_18_period3-4,IsQuestion,0.16114324835029106
sch02_tch06_05_17_18_period3-4,IsQuestion,0.02829391060568648
sch02_tch07_05_04_18_period1-2,IsQuestion,0.039696813635340444
sch02_tch07_05_04_18_period3-4,IsQuestion,0.01537728576398878
sch02_tch07_05_10_18_period1-2,IsQuestion,0.1685130073255559
sch02_tch07_05_10_18_period3-4,IsQuestion,0.12779154200104997
sch02_tch07_05_11_18_period3-4,IsQuestion,0.08351803246671824
sch02_tch07_05_14_18_period1-2,IsQuestion,0.0571692950240775
sch02_tch07_05_14_18_period3-4,IsQuestion,0.10940763380381424
sch02_tch07_05_15_18_period1-2,IsQuestion,0.03135090159001132
sch03_tch01_05_24_18_period01,IsQuestion,0.01729434355880549
sch03_tch01_05_24_18_period02,IsQuestion,0.1059278350515464
sch03_tch01_05_25_18_period01,IsQuestion,0.06096171898061742
sch03_tch01_05_30_18_period02,IsQuestion,0.10751192401831772
sch03_tch01_05_30_18_period06,IsQuestion,0.044439725681232556
sch03_tch01_05_31_18_period04,IsQuestion,0.0033009299218330623
sch03_tch01_05_31_18_period06,IsQuestion,0.015186870215479487
sch03_tch01_06_01_18_period01,IsQuestion,0.007629619254670816
sch03_tch01_06_01_18_period02,IsQuestion,0.10663135971255483
sch03_tch02_05_29_18_period04,IsQuestion,0.07326102204498808
sch03_tch02_05_29_18_period06,IsQuestion,0.07513185650494489
sch03_tch02_05_30_18_period04,IsQuestion,0.0878801483132654
sch03_tch02_05_30_18_period06,IsQuestion,0.047335192913289637
sch03_tch02_05_31_18_period04,IsQuestion,0.035558790892523284
sch03_tch02_05_31_18_period06,IsQuestion,0.0236774219997557
sch03_tch02_06_07_18_period04,IsQuestion,0.04878967956697772
sch03_tch03_05_24_18_period03,IsQuestion,0.02675357371537035
sch03_tch03_05_24_18_period05,IsQuestion,0.11079951853583503
sch03_tch03_05_31_18_period03,IsQuestion,0.007963507054728869
sch03_tch03_05_31_18_period05,IsQuestion,0.11711269703922883
sch03_tch03_06_06_18_period03,IsQuestion,0.2501476065571985
sch03_tch03_06_06_18_period05,IsQuestion,0.1205087097641645
sch03_tch04_05_30_18_period03,IsQuestion,0.04307640969360366
sch03_tch04_05_31_18_period05,IsQuestion,0.09360112509741653
sch03_tch04_05_31_18_period06,IsQuestion,0.1629940607746384
sch03_tch04_06_04_18_period03,IsQuestion,0.037890451747576104
sch03_tch04_06_04_18_period06,IsQuestion,0.13865532816685272
sch03_tch04_06_05_18_period03,IsQuestion,0.14432833741429016
sch03_tch04_06_05_18_period06,IsQuestion,0.03367891907124848
sch03_tch04_06_06_18_period03,IsQuestion,0.22335412747654232
sch03_tch04_06_06_18_period06,IsQuestion,0.21835124187735075
sch01_tch01_03_19_18_period03,IsDisciplinaryTermsPresent,0.01997318727855009
sch01_tch01_03_19_18_period05,IsDisciplinaryTermsPresent,0.07654765610695244
sch01_tch01_04_05_18_period02,IsDisciplinaryTermsPresent,0.04144458516149436
sch01_tch01_04_05_18_period03,IsDisciplinaryTermsPresent,0.04695813397282646
sch01_tch01_04_05_18_period05,IsDisciplinaryTermsPresent,0.059651473032594465
sch01_tch01_04_16_18_period02,IsDisciplinaryTermsPresent,0.31049935515857885
sch01_tch01_04_23_18_period05,IsDisciplinaryTermsPresent,0.09088408772234702
sch01_tch01_04_24_18_period03,IsDisciplinaryTermsPresent,0.07659801686383398
sch01_tch01_04_24_18_period05,IsDisciplinaryTermsPresent,0.027416042614493666
sch01_tch02_04_26_18_period05,IsDisciplinaryTermsPresent,0.0914686121778628
sch01_tch02_04_26_18_period06,IsDisciplinaryTermsPresent,0.1287478676321724
sch01_tch02_04_27_18_period05,IsDisciplinaryTermsPresent,0.09799959129704797
sch01_tch02_04_27_18_period06,IsDisciplinaryTermsPresent,0.09217917157362336
sch01_tch02_04_30_18_period06,IsDisciplinaryTermsPresent,0.06477027181500637
sch01_tch02_05_02_18_period05,IsDisciplinaryTermsPresent,0.060475716365822815
sch01_tch02_05_02_18_period06,IsDisciplinaryTermsPresent,0.027296042807937154
sch01_tch02_05_03_18_period05,IsDisciplinaryTermsPresent,0.08467126503774089
sch01_tch02_05_03_18_period06,IsDisciplinaryTermsPresent,0.1290917555878177
sch01_tch03_02_28_18_period04,IsDisciplinaryTermsPresent,0.0960349271673892
sch01_tch03_03_01_18_period03,IsDisciplinaryTermsPresent,0.033095753657305965
sch01_tch03_03_12_18_period03,IsDisciplinaryTermsPresent,0.0646904835735891
sch01_tch03_03_12_18_period04,IsDisciplinaryTermsPresent,0.20858773800182503
sch01_tch03_03_15_18_period04,IsDisciplinaryTermsPresent,0.007097160187264473
sch01_tch04_03_07_18_period05,IsDisciplinaryTermsPresent,0.1867193775510666
sch01_tch04_03_08_18_period05,IsDisciplinaryTermsPresent,0.08990604928999635
sch01_tch04_04_27_18_period05,IsDisciplinaryTermsPresent,0.07640697791466446
sch01_tch04_04_30_18_period04,IsDisciplinaryTermsPresent,0.08504647298174753
sch01_tch04_04_30_18_period05,IsDisciplinaryTermsPresent,0.06386940059230758
sch01_tch04_05_01_18_period04,IsDisciplinaryTermsPresent,0.10974068715845292
sch01_tch04_05_02_18_period04,IsDisciplinaryTermsPresent,0.17224997808057912
sch01_tch05_04_10_18_period02,IsDisciplinaryTermsPresent,0.02171064488499721
sch01_tch05_04_10_18_period04,IsDisciplinaryTermsPresent,0.07503813934135528
sch01_tch05_04_11_18_period01,IsDisciplinaryTermsPresent,0.12231961317636711
sch01_tch05_04_11_18_period04,IsDisciplinaryTermsPresent,0.013270441052104441
sch01_tch05_04_12_18_period02,IsDisciplinaryTermsPresent,0.08333185539457626
sch01_tch05_04_12_18_period04,IsDisciplinaryTermsPresent,0.033811877290613315
sch01_tch05_04_17_18_period02,IsDisciplinaryTermsPresent,0.029748516819662892
sch01_tch05_04_17_18_period04,IsDisciplinaryTermsPresent,0.0
sch02_tch01_03_07_18_period1516,IsDisciplinaryTermsPresent,0.1779515287505434
sch02_tch01_03_08_18_period1314,IsDisciplinaryTermsPresent,0.09955429105279995
sch02_tch01_03_08_18_period1516,IsDisciplinaryTermsPresent,0.2878847833196899
sch02_tch01_03_09_18_period1314,IsDisciplinaryTermsPresent,0.1075545857015221
sch02_tch01_03_09_18_period1516,IsDisciplinaryTermsPresent,0.08910067307795803
sch02_tch01_03_12_18_period1516,IsDisciplinaryTermsPresent,0.11318138512518104
sch02_tch01_03_14_18_period1314,IsDisciplinaryTermsPresent,0.16782078527393152
sch02_tch01_03_14_18_period1516,IsDisciplinaryTermsPresent,0.08285023329702113
sch02_tch01_03_16_18_period1314,IsDisciplinaryTermsPresent,0.06648336955169018
sch02_tch02_02_28_18_period05-06,IsDisciplinaryTermsPresent,0.13763095414717774
sch02_tch02_02_28_18_period13-14,IsDisciplinaryTermsPresent,0.014168769524162197
sch02_tch02_03_01_18_period05-06,IsDisciplinaryTermsPresent,0.20094419234606103
sch02_tch02_03_01_18_period13-14,IsDisciplinaryTermsPresent,0.20317717618001596
sch02_tch02_03_07_18_period05-06,IsDisciplinaryTermsPresent,0.22376830812502746
sch02_tch02_04_23_18_period13-14,IsDisciplinaryTermsPresent,0.19625241302268953
sch02_tch02_04_24_18_period5-6,IsDisciplinaryTermsPresent,0.0979568758671333
sch02_tch02_04_24_18_period7-8,IsDisciplinaryTermsPresent,0.11997305253304358
sch02_tch02_04_26_18_period13-14,IsDisciplinaryTermsPresent,0.11443702136276306
sch02_tch03_04_10_18_period02,IsDisciplinaryTermsPresent,0.011908691345154702
sch02_tch03_04_10_18_period03,IsDisciplinaryTermsPresent,0.03544252254278145
sch02_tch03_04_11_18_period02,IsDisciplinaryTermsPresent,0.007547015067876181
sch02_tch03_04_11_18_period03,IsDisciplinaryTermsPresent,0.10103816829270118
sch02_tch03_04_12_18_period02,IsDisciplinaryTermsPresent,0.05491921225281584
sch02_tch03_04_12_18_period03,IsDisciplinaryTermsPresent,0.023654013805401733
sch02_tch03_04_18_18_period02,IsDisciplinaryTermsPresent,0.07872894048771159
sch02_tch03_04_18_18_period03,IsDisciplinaryTermsPresent,0.06691217405382129
sch02_tch04_04_09_18_period05,IsDisciplinaryTermsPresent,0.0871420256199022
sch02_tch04_04_09_18_period15,IsDisciplinaryTermsPresent,0.09147780115709199
sch02_tch04_04_11_18_period05,IsDisciplinaryTermsPresent,0.066070247286632
sch02_tch04_04_11_18_period15,IsDisciplinaryTermsPresent,0.23844349902198203
sch02_tch04_04_16_18_period05,IsDisciplinaryTermsPresent,0.0659165142859964
sch02_tch04_04_16_18_period15,IsDisciplinaryTermsPresent,0.0106318655786668
sch02_tch04_04_19_18_period05,IsDisciplinaryTermsPresent,0.012980466646229372
sch02_tch04_04_19_18_period15,IsDisciplinaryTermsPresent,0.144102865158734
sch02_tch05_04_26_18_period1,IsDisciplinaryTermsPresent,0.04326517826976213
sch02_tch05_04_26_18_period3,IsDisciplinaryTermsPresent,0.07265037401542689
sch02_tch05_04_27_18_period1,IsDisciplinaryTermsPresent,0.06744716077487768
sch02_tch05_04_27_18_period3,IsDisciplinaryTermsPresent,0.0746802033377038
sch02_tch05_04_30_18_period1,IsDisciplinaryTermsPresent,0.014392381009977806
sch02_tch05_04_30_18_period3,IsDisciplinaryTermsPresent,0.11680704258664179
sch02_tch05_05_01_18_period1,IsDisciplinaryTermsPresent,0.09940483115000767
sch02_tch05_05_01_18_period3,IsDisciplinaryTermsPresent,0.038988064486484605
sch02_tch06_05_03_18_period1-2,IsDisciplinaryTermsPresent,0.0045854800371853965
sch02_tch06_05_03_18_period3-4,IsDisciplinaryTermsPresent,0.08960457571224321
sch02_tch06_05_04_18_period1-2,IsDisciplinaryTermsPresent,0.27927770996154777
sch02_tch06_05_07_18_period3-4,IsDisciplinaryTermsPresent,0.21644281796288908
sch02_tch06_05_10_18_period3-4,IsDisciplinaryTermsPresent,0.235975829087401
sch02_tch06_05_14_18_period3-4,IsDisciplinaryTermsPresent,0.04966912026624419
sch02_tch06_05_16_18_period3-4,IsDisciplinaryTermsPresent,0.0696742386199241
sch02_tch06_05_17_18_period3-4,IsDisciplinaryTermsPresent,0.01957356503521547
sch02_tch07_05_04_18_period1-2,IsDisciplinaryTermsPresent,0.40901948460087995
sch02_tch07_05_04_18_period3-4,IsDisciplinaryTermsPresent,0.05922479273157499
sch02_tch07_05_10_18_period1-2,IsDisciplinaryTermsPresent,0.09464861098529756
sch02_tch07_05_10_18_period3-4,IsDisciplinaryTermsPresent,0.026508554446544853
sch02_tch07_05_11_18_period3-4,IsDisciplinaryTermsPresent,0.08512649402031637
sch02_tch07_05_14_18_period1-2,IsDisciplinaryTermsPresent,0.14367245587709282
sch02_tch07_05_14_18_period3-4,IsDisciplinaryTermsPresent,0.10704439641748567
sch02_tch07_05_15_18_period1-2,IsDisciplinaryTermsPresent,0.11031102149734304
sch03_tch01_05_24_18_period01,IsDisciplinaryTermsPresent,0.11460032818642935
sch03_tch01_05_24_18_period02,IsDisciplinaryTermsPresent,0.06218352321093282
sch03_tch01_05_25_18_period01,IsDisciplinaryTermsPresent,0.1446400205723106
sch03_tch01_05_30_18_period02,IsDisciplinaryTermsPresent,0.1933330830034115
sch03_tch01_05_30_18_period06,IsDisciplinaryTermsPresent,0.04974374722824798
sch03_tch01_05_31_18_period04,IsDisciplinaryTermsPresent,0.01952784801278465
sch03_tch01_05_31_18_period06,IsDisciplinaryTermsPresent,0.3179226782346379
sch03_tch01_06_01_18_period01,IsDisciplinaryTermsPresent,0.20807313030386193
sch03_tch01_06_01_18_period02,IsDisciplinaryTermsPresent,0.07599707917904536
sch03_tch02_05_29_18_period04,IsDisciplinaryTermsPresent,0.22346458428663873
sch03_tch02_05_29_18_period06,IsDisciplinaryTermsPresent,0.20930687458108604
sch03_tch02_05_30_18_period04,IsDisciplinaryTermsPresent,0.10164232576635338
sch03_tch02_05_30_18_period06,IsDisciplinaryTermsPresent,0.03630539892241941
sch03_tch02_05_31_18_period04,IsDisciplinaryTermsPresent,0.0513843567177662
sch03_tch02_05_31_18_period06,IsDisciplinaryTermsPresent,0.25061531494671047
sch03_tch02_06_07_18_period04,IsDisciplinaryTermsPresent,0.14843025192266993
sch03_tch03_05_24_18_period03,IsDisciplinaryTermsPresent,0.11089210522049775
sch03_tch03_05_24_18_period05,IsDisciplinaryTermsPresent,0.06741059541960824
sch03_tch03_05_31_18_period03,IsDisciplinaryTermsPresent,0.19943341760846617
sch03_tch03_05_31_18_period05,IsDisciplinaryTermsPresent,0.21870622758024866
sch03_tch03_06_06_18_period03,IsDisciplinaryTermsPresent,0.07107064409942138
sch03_tch03_06_06_18_period05,IsDisciplinaryTermsPresent,0.0524875076453199
sch03_tch04_05_30_18_period03,IsDisciplinaryTermsPresent,0.04959556289655229
sch03_tch04_05_31_18_period05,IsDisciplinaryTermsPresent,0.20334925365872955
sch03_tch04_05_31_18_period06,IsDisciplinaryTermsPresent,0.15370639092578556
sch03_tch04_06_04_18_period03,IsDisciplinaryTermsPresent,0.0023606364509108912
sch03_tch04_06_04_18_period06,IsDisciplinaryTermsPresent,0.1947199138849789
sch03_tch04_06_05_18_period03,IsDisciplinaryTermsPresent,0.06293919722374161
sch03_tch04_06_05_18_period06,IsDisciplinaryTermsPresent,0.16923720231597286
sch03_tch04_06_06_18_period03,IsDisciplinaryTermsPresent,0.04254743673410569
sch03_tch04_06_06_18_period06,IsDisciplinaryTermsPresent,0.16004688018839813
sch01_tch01_03_19_18_period03,IsInstructionalUtterance,0.057033677258510274
sch01_tch01_03_19_18_period05,IsInstructionalUtterance,0.12981397419568952
sch01_tch01_04_05_18_period02,IsInstructionalUtterance,0.05434882950648201
sch01_tch01_04_05_18_period03,IsInstructionalUtterance,0.024891140943911094
sch01_tch01_04_05_18_period05,IsInstructionalUtterance,0.18455592176803692
sch01_tch01_04_16_18_period02,IsInstructionalUtterance,0.0012272528587935483
sch01_tch01_04_23_18_period05,IsInstructionalUtterance,0.07560892282368348
sch01_tch01_04_24_18_period03,IsInstructionalUtterance,0.012303775506917414
sch01_tch01_04_24_18_period05,IsInstructionalUtterance,0.1501565435633374
sch01_tch02_04_26_18_period05,IsInstructionalUtterance,0.29138192296354537
sch01_tch02_04_26_18_period06,IsInstructionalUtterance,0.23180323214044096
sch01_tch02_04_27_18_period05,IsInstructionalUtterance,0.38708045201551694
sch01_tch02_04_27_18_period06,IsInstructionalUtterance,0.431086969718953
sch01_tch02_04_30_18_period06,IsInstructionalUtterance,0.04974771060044125
sch01_tch02_05_02_18_period05,IsInstructionalUtterance,0.2769592401917596
sch01_tch02_05_02_18_period06,IsInstructionalUtterance,0.2832867053960362
sch01_tch02_05_03_18_period05,IsInstructionalUtterance,0.07041958209647958
sch01_tch02_05_03_18_period06,IsInstructionalUtterance,0.057299033108956565
sch01_tch03_02_28_18_period04,IsInstructionalUtterance,0.25133554202630937
sch01_tch03_03_01_18_period03,IsInstructionalUtterance,0.08011742763530172
sch01_tch03_03_12_18_period03,IsInstructionalUtterance,0.15920021695640862
sch01_tch03_03_12_18_period04,IsInstructionalUtterance,0.25388276794484343
sch01_tch03_03_15_18_period04,IsInstructionalUtterance,0.09740601079546718
sch01_tch04_03_07_18_period05,IsInstructionalUtterance,0.2849077932976833
sch01_tch04_03_08_18_period05,IsInstructionalUtterance,0.05374496486462421
sch01_tch04_04_27_18_period05,IsInstructionalUtterance,0.04389241926942378
sch01_tch04_04_30_18_period04,IsInstructionalUtterance,0.022733015225487985
sch01_tch04_04_30_18_period05,IsInstructionalUtterance,0.16376816330041188
sch01_tch04_05_01_18_period04,IsInstructionalUtterance,0.37011287317770974
sch01_tch04_05_02_18_period04,IsInstructionalUtterance,0.15093372926007187
sch01_tch05_04_10_18_period02,IsInstructionalUtterance,0.09146738888802008
sch01_tch05_04_10_18_period04,IsInstructionalUtterance,0.09541868077032856
sch01_tch05_04_11_18_period01,IsInstructionalUtterance,0.11538175590887101
sch01_tch05_04_11_18_period04,IsInstructionalUtterance,0.06844787818525533
sch01_tch05_04_12_18_period02,IsInstructionalUtterance,0.13438952238406388
sch01_tch05_04_12_18_period04,IsInstructionalUtterance,0.2020971323582268
sch01_tch05_04_17_18_period02,IsInstructionalUtterance,0.1290626972494382
sch01_tch05_04_17_18_period04,IsInstructionalUtterance,0.06150940569052066
sch02_tch01_03_07_18_period1516,IsInstructionalUtterance,0.055076566887353184
sch02_tch01_03_08_18_period1314,IsInstructionalUtterance,0.15015730254967208
sch02_tch01_03_08_18_period1516,IsInstructionalUtterance,0.04214261631668159
sch02_tch01_03_09_18_period1314,IsInstructionalUtterance,0.004114864334336166
sch02_tch01_03_09_18_period1516,IsInstructionalUtterance,0.16764178319589285
sch02_tch01_03_12_18_period1516,IsInstructionalUtterance,0.04633886931645137
sch02_tch01_03_14_18_period1314,IsInstructionalUtterance,0.16718735432520337
sch02_tch01_03_14_18_period1516,IsInstructionalUtterance,0.09558516659333349
sch02_tch01_03_16_18_period1314,IsInstructionalUtterance,0.20700445844809945
sch02_tch02_02_28_18_period05-06,IsInstructionalUtterance,0.03057189852082909
sch02_tch02_02_28_18_period13-14,IsInstructionalUtterance,0.14590709560530102
sch02_tch02_03_01_18_period05-06,IsInstructionalUtterance,0.00968854290811172
sch02_tch02_03_01_18_period13-14,IsInstructionalUtterance,0.16541834763475471
sch02_tch02_03_07_18_period05-06,IsInstructionalUtterance,0.039838246024824775
sch02_tch02_04_23_18_period13-14,IsInstructionalUtterance,0.1078800058678635
sch02_tch02_04_24_18_period5-6,IsInstructionalUtterance,0.06605298439352492
sch02_tch02_04_24_18_period7-8,IsInstructionalUtterance,0.09982159643724753
sch02_tch02_04_26_18_period13-14,IsInstructionalUtterance,0.1403936690386216
sch02_tch03_04_10_18_period02,IsInstructionalUtterance,0.0731994612475636
sch02_tch03_04_10_18_period03,IsInstructionalUtterance,0.11346975202396914
sch02_tch03_04_11_18_period02,IsInstructionalUtterance,0.08358072871956901
sch02_tch03_04_11_18_period03,IsInstructionalUtterance,0.007159825621767757
sch02_tch03_04_12_18_period02,IsInstructionalUtterance,0.4013655823494082
sch02_tch03_04_12_18_period03,IsInstructionalUtterance,0.004167593661279834
sch02_tch03_04_18_18_period02,IsInstructionalUtterance,0.16898154819246058
sch02_tch03_04_18_18_period03,IsInstructionalUtterance,0.17435007996440677
sch02_tch04_04_09_18_period05,IsInstructionalUtterance,0.07498481908713206
sch02_tch04_04_09_18_period15,IsInstructionalUtterance,0.07122166571750577
sch02_tch04_04_11_18_period05,IsInstructionalUtterance,0.06510878749953675
sch02_tch04_04_11_18_period15,IsInstructionalUtterance,0.0776162477125818
sch02_tch04_04_16_18_period05,IsInstructionalUtterance,0.26968343183786025
sch02_tch04_04_16_18_period15,IsInstructionalUtterance,0.03854248858466647
sch02_tch04_04_19_18_period05,IsInstructionalUtterance,0.21023907690887844
sch02_tch04_04_19_18_period15,IsInstructionalUtterance,0.17229065241952168
sch02_tch05_04_26_18_period1,IsInstructionalUtterance,0.38531539229130607
sch02_tch05_04_26_18_period3,IsInstructionalUtterance,0.016320533965160644
sch02_tch05_04_27_18_period1,IsInstructionalUtterance,0.08028994374997722
sch02_tch05_04_27_18_period3,IsInstructionalUtterance,0.022107535717808213
sch02_tch05_04_30_18_period1,IsInstructionalUtterance,0.42624424143058004
sch02_tch05_04_30_18_period3,IsInstructionalUtterance,0.09480329903370532
sch02_tch05_05_01_18_period1,IsInstructionalUtterance,0.4674249585677054
sch02_tch05_05_01_18_period3,IsInstructionalUtterance,0.006469411361595623
sch02_tch06_05_03_18_period1-2,IsInstructionalUtterance,0.1831881715654634
sch02_tch06_05_03_18_period3-4,IsInstructionalUtterance,0.021482168905558985
sch02_tch06_05_04_18_period1-2,IsInstructionalUtterance,0.4047048760063615
sch02_tch06_05_07_18_period3-4,IsInstructionalUtterance,0.2795876143593944
sch02_tch06_05_10_18_period3-4,IsInstructionalUtterance,0.21873528711039703
sch02_tch06_05_14_18_period3-4,IsInstructionalUtterance,0.2207694390980226
sch02_tch06_05_16_18_period3-4,IsInstructionalUtterance,0.0391789215155216
sch02_tch06_05_17_18_period3-4,IsInstructionalUtterance,0.012560059486119046
sch02_tch07_05_04_18_period1-2,IsInstructionalUtterance,0.025112827117059644
sch02_tch07_05_04_18_period3-4,IsInstructionalUtterance,0.06323843237803461
sch02_tch07_05_10_18_period1-2,IsInstructionalUtterance,0.06575980447140939
sch02_tch07_05_10_18_period3-4,IsInstructionalUtterance,0.10021793231214549
sch02_tch07_05_11_18_period3-4,IsInstructionalUtterance,0.0036528977663273787
sch02_tch07_05_14_18_period1-2,IsInstructionalUtterance,0.03541375649474243
sch02_tch07_05_14_18_period3-4,IsInstructionalUtterance,0.032479735217323724
sch02_tch07_05_15_18_period1-2,IsInstructionalUtterance,0.10588559074549908
sch03_tch01_05_24_18_period01,IsInstructionalUtterance,0.07563940058122864
sch03_tch01_05_24_18_period02,IsInstructionalUtterance,0.07071390195934346
sch03_tch01_05_25_18_period01,IsInstructionalUtterance,0.08834055109547423
sch03_tch01_05_30_18_period02,IsInstructionalUtterance,0.06470680566347298
sch03_tch01_05_30_18_period06,IsInstructionalUtterance,0.028984741496019595
sch03_tch01_05_31_18_period04,IsInstructionalUtterance,0.0012678888026967927
sch03_tch01_05_31_18_period06,IsInstructionalUtterance,0.042819255265960754
sch03_tch01_06_01_18_period01,IsInstructionalUtterance,0.0788259669148702
sch03_tch01_06_01_18_period02,IsInstructionalUtterance,0.09720934183016139
sch03_tch02_05_29_18_period04,IsInstructionalUtterance,0.12643537537015903
sch03_tch02_05_29_18_period06,IsInstructionalUtterance,0.028303584169127816
sch03_tch02_05_30_18_period04,IsInstructionalUtterance,0.36539544597388096
sch03_tch02_05_30_18_period06,IsInstructionalUtterance,0.14076968487846175
sch03_tch02_05_31_18_period04,IsInstructionalUtterance,0.24734727984682492
sch03_tch02_05_31_18_period06,IsInstructionalUtterance,0.22563443648234838
sch03_tch02_06_07_18_period04,IsInstructionalUtterance,0.13003596501641668
sch03_tch03_05_24_18_period03,IsInstructionalUtterance,0.08549229384337531
sch03_tch03_05_24_18_period05,IsInstructionalUtterance,0.20639304874680742
sch03_tch03_05_31_18_period03,IsInstructionalUtterance,0.16521506671027142
sch03_tch03_05_31_18_period05,IsInstructionalUtterance,0.04513626585335995
sch03_tch03_06_06_18_period03,IsInstructionalUtterance,0.06659309159141846
sch03_tch03_06_06_18_period05,IsInstructionalUtterance,0.2755136733495396
sch03_tch04_05_30_18_period03,IsInstructionalUtterance,0.06364556272168265
sch03_tch04_05_31_18_period05,IsInstructionalUtterance,0.020162845673600605
sch03_tch04_05_31_18_period06,IsInstructionalUtterance,0.10489494683193024
sch03_tch04_06_04_18_period03,IsInstructionalUtterance,0.07434785356308271
sch03_tch04_06_04_18_period06,IsInstructionalUtterance,0.020604035257386744
sch03_tch04_06_05_18_period03,IsInstructionalUtterance,0.2516325175739562
sch03_tch04_06_05_18_period06,IsInstructionalUtterance,0.06338001128250548
sch03_tch04_06_06_18_period03,IsInstructionalUtterance,0.0820354105770611
sch03_tch04_06_06_18_period06,IsInstructionalUtterance,0.14788451267796066
sch01_tch01_03_19_18_period03,IsEvaluationElaborated,0.06675384259291058
sch01_tch01_03_19_18_period05,IsEvaluationElaborated,0.05852863237921528
sch01_tch01_04_05_18_period02,IsEvaluationElaborated,0.03786873532714094
sch01_tch01_04_05_18_period03,IsEvaluationElaborated,0.013280558488185434
sch01_tch01_04_05_18_period05,IsEvaluationElaborated,0.019275559359035715
sch01_tch01_04_16_18_period02,IsEvaluationElaborated,0.08613890020975211
sch01_tch01_04_23_18_period05,IsEvaluationElaborated,0.14096964461763412
sch01_tch01_04_24_18_period03,IsEvaluationElaborated,0.015886368527489952
sch01_tch01_04_24_18_period05,IsEvaluationElaborated,0.04872076691359267
sch01_tch02_04_26_18_period05,IsEvaluationElaborated,0.06821274631945592
sch01_tch02_04_26_18_period06,IsEvaluationElaborated,0.03917680616824997
sch01_tch02_04_27_18_period05,IsEvaluationElaborated,0.010634929806405697
sch01_tch02_04_27_18_period06,IsEvaluationElaborated,0.03327042804666895
sch01_tch02_04_30_18_period06,IsEvaluationElaborated,0.045540801936639924
sch01_tch02_05_02_18_period05,IsEvaluationElaborated,0.04077361740920839
sch01_tch02_05_02_18_period06,IsEvaluationElaborated,0.027740124857613367
sch01_tch02_05_03_18_period05,IsEvaluationElaborated,0.062399942591353286
sch01_tch02_05_03_18_period06,IsEvaluationElaborated,0.007969629492714916
sch01_tch03_02_28_18_period04,IsEvaluationElaborated,0.03899885614659317
sch01_tch03_03_01_18_period03,IsEvaluationElaborated,0.059133547121359355
sch01_tch03_03_12_18_period03,IsEvaluationElaborated,0.042537969370519825
sch01_tch03_03_12_18_period04,IsEvaluationElaborated,0.023006573286322288
sch01_tch03_03_15_18_period04,IsEvaluationElaborated,0.042214372684685454
sch01_tch04_03_07_18_period05,IsEvaluationElaborated,0.013381871311970064
sch01_tch04_03_08_18_period05,IsEvaluationElaborated,0.06737580639954538
sch01_tch04_04_27_18_period05,IsEvaluationElaborated,0.09267826379584797
sch01_tch04_04_30_18_period04,IsEvaluationElaborated,0.031619908869713706
sch01_tch04_04_30_18_period05,IsEvaluationElaborated,0.0627940043397367
sch01_tch04_05_01_18_period04,IsEvaluationElaborated,0.1023524765557138
sch01_tch04_05_02_18_period04,IsEvaluationElaborated,0.04995757470811967
sch01_tch05_04_10_18_period02,IsEvaluationElaborated,0.030327658291846665
sch01_tch05_04_10_18_period04,IsEvaluationElaborated,0.013132658913685938
sch01_tch05_04_11_18_period01,IsEvaluationElaborated,0.032004605882725565
sch01_tch05_04_11_18_period04,IsEvaluationElaborated,0.051130576830987165
sch01_tch05_04_12_18_period02,IsEvaluationElaborated,0.1097683680939727
sch01_tch05_04_12_18_period04,IsEvaluationElaborated,0.11678661239938513
sch01_tch05_04_17_18_period02,IsEvaluationElaborated,0.03495834264051724
sch01_tch05_04_17_18_period04,IsEvaluationElaborated,0.045727161062326174
sch02_tch01_03_07_18_period1516,IsEvaluationElaborated,0.14034341166528874
sch02_tch01_03_08_18_period1314,IsEvaluationElaborated,0.02996838032532883
sch02_tch01_03_08_18_period1516,IsEvaluationElaborated,0.16688186884704664
sch02_tch01_03_09_18_period1314,IsEvaluationElaborated,0.03023340325628382
sch02_tch01_03_09_18_period1516,IsEvaluationElaborated,0.01999291213818627
sch02_tch01_03_12_18_period1516,IsEvaluationElaborated,0.07280116657194663
sch02_tch01_03_14_18_period1314,IsEvaluationElaborated,0.013436929760129099
sch02_tch01_03_14_18_period1516,IsEvaluationElaborated,0.134145930865388
sch02_tch01_03_16_18_period1314,IsEvaluationElaborated,0.030440788223639256
sch02_tch02_02_28_18_period05-06,IsEvaluationElaborated,0.04070726954022461
sch02_tch02_02_28_18_period13-14,IsEvaluationElaborated,0.05282081045821371
sch02_tch02_03_01_18_period05-06,IsEvaluationElaborated,0.04748931899098616
sch02_tch02_03_01_18_period13-14,IsEvaluationElaborated,0.0863965933792419
sch02_tch02_03_07_18_period05-06,IsEvaluationElaborated,0.01435191908926095
sch02_tch02_04_23_18_period13-14,IsEvaluationElaborated,0.03956330037890149
sch02_tch02_04_24_18_period5-6,IsEvaluationElaborated,0.11804064364387651
sch02_tch02_04_24_18_period7-8,IsEvaluationElaborated,0.08851726309410657
sch02_tch02_04_26_18_period13-14,IsEvaluationElaborated,0.02801228122779805
sch02_tch03_04_10_18_period02,IsEvaluationElaborated,0.03963978658833703
sch02_tch03_04_10_18_period03,IsEvaluationElaborated,0.06681324565348111
sch02_tch03_04_11_18_period02,IsEvaluationElaborated,0.05065153903217989
sch02_tch03_04_11_18_period03,IsEvaluationElaborated,0.008183937565709717
sch02_tch03_04_12_18_period02,IsEvaluationElaborated,0.00915975062629664
sch02_tch03_04_12_18_period03,IsEvaluationElaborated,0.04589706498336958
sch02_tch03_04_18_18_period02,IsEvaluationElaborated,0.03818415894423041
sch02_tch03_04_18_18_period03,IsEvaluationElaborated,0.06195290037820055
sch02_tch04_04_09_18_period05,IsEvaluationElaborated,0.023070613324965336
sch02_tch04_04_09_18_period15,IsEvaluationElaborated,0.11484280647963027
sch02_tch04_04_11_18_period05,IsEvaluationElaborated,0.08881074474956557
sch02_tch04_04_11_18_period15,IsEvaluationElaborated,0.04366980853511061
sch02_tch04_04_16_18_period05,IsEvaluationElaborated,0.04928543626750588
sch02_tch04_04_16_18_period15,IsEvaluationElaborated,0.043699643186582766
sch02_tch04_04_19_18_period05,IsEvaluationElaborated,0.0696549431067095
sch02_tch04_04_19_18_period15,IsEvaluationElaborated,0.011804377994296178
sch02_tch05_04_26_18_period1,IsEvaluationElaborated,0.08458938401465223
sch02_tch05_04_26_18_period3,IsEvaluationElaborated,0.06419899312110737
sch02_tch05_04_27_18_period1,IsEvaluationElaborated,0.052377125004496344
sch02_tch05_04_27_18_period3,IsEvaluationElaborated,0.02703399410413526
sch02_tch05_04_30_18_period1,IsEvaluationElaborated,0.07400743203260934
sch02_tch05_04_30_18_period3,IsEvaluationElaborated,0.11662039593858586
sch02_tch05_05_01_18_period1,IsEvaluationElaborated,0.01704755310523498
sch02_tch05_05_01_18_period3,IsEvaluationElaborated,0.05368590860126315
sch02_tch06_05_03_18_period1-2,IsEvaluationElaborated,0.035472187606048776
sch02_tch06_05_03_18_period3-4,IsEvaluationElaborated,0.05683651254291339
sch02_tch06_05_04_18_period1-2,IsEvaluationElaborated,0.044580941960737794
sch02_tch06_05_07_18_period3-4,IsEvaluationElaborated,0.060778857655192045
sch02_tch06_05_10_18_period3-4,IsEvaluationElaborated,0.04633077898849293
sch02_tch06_05_14_18_period3-4,IsEvaluationElaborated,0.07482028641625901
sch02_tch06_05_16_18_period3-4,IsEvaluationElaborated,0.0025078302003462283
sch02_tch06_05_17_18_period3-4,IsEvaluationElaborated,0.05541461921304065
sch02_tch07_05_04_18_period1-2,IsEvaluationElaborated,0.04001615907565971
sch02_tch07_05_04_18_period3-4,IsEvaluationElaborated,0.036446674071918095
sch02_tch07_05_10_18_period1-2,IsEvaluationElaborated,0.0014237388966048814
sch02_tch07_05_10_18_period3-4,IsEvaluationElaborated,0.059677855938332136
sch02_tch07_05_11_18_period3-4,IsEvaluationElaborated,0.08503325070663906
sch02_tch07_05_14_18_period1-2,IsEvaluationElaborated,0.07052250531358732
sch02_tch07_05_14_18_period3-4,IsEvaluationElaborated,0.011657624432676955
sch02_tch07_05_15_18_period1-2,IsEvaluationElaborated,0.016814532008001842
sch03_tch01_05_24_18_period01,IsEvaluationElaborated,0.030118275841749274
sch03_tch01_05_24_18_period02,IsEvaluationElaborated,0.07760887736854026
sch03_tch01_05_25_18_period01,IsEvaluationElaborated,0.05342669172216945
sch03_tch01_05_30_18_period02,IsEvaluationElaborated,0.006175797339106781
sch03_tch01_05_30_18_period06,IsEvaluationElaborated,0.045290903053549963
sch03_tch01_05_31_18_period04,IsEvaluationElaborated,0.11096152528416589
sch03_tch01_05_31_18_period06,IsEvaluationElaborated,0.040219891589364926
sch03_tch01_06_01_18_period01,IsEvaluationElaborated,0.03271899214169019
sch03_tch01_06_01_18_period02,IsEvaluationElaborated,0.08023814599318925
sch03_tch02_05_29_18_period04,IsEvaluationElaborated,0.05578068725947226
sch03_tch02_05_29_18_period06,IsEvaluationElaborated,0.071593245775825
sch03_tch02_05_30_18_period04,IsEvaluationElaborated,0.03296703296703297
sch03_tch02_05_30_18_period06,IsEvaluationElaborated,0.04845951387759859
sch03_tch02_05_31_18_period04,IsEvaluationElaborated,0.03419526871834559
sch03_tch02_05_31_18_period06,IsEvaluationElaborated,0.03705847486689026
sch03_tch02_06_07_18_period04,IsEvaluationElaborated,0.036777118469337934
sch03_tch03_05_24_18_period03,IsEvaluationElaborated,0.04386225821535002
sch03_tch03_05_24_18_period05,IsEvaluationElaborated,0.04375477602249811
sch03_tch03_05_31_18_period03,IsEvaluationElaborated,0.0006332091461950656
sch03_tch03_05_31_18_period05,IsEvaluationElaborated,0.014340245376896862
sch03_tch03_06_06_18_period03,IsEvaluationElaborated,0.0893337433149146
sch03_tch03_06_06_18_period05,IsEvaluationElaborated,0.053554915808519746
sch03_tch04_05_30_18_period03,IsEvaluationElaborated,0.06293494339665061
sch03_tch04_05_31_18_period05,IsEvaluationElaborated,0.06013924750425349
sch03_tch04_05_31_18_period06,IsEvaluationElaborated,0.007231834653985275
sch03_tch04_06_04_18_period03,IsEvaluationElaborated,0.10433237779356162
sch03_tch04_06_04_18_period06,IsEvaluationElaborated,0.03502099761857706
sch03_tch04_06_05_18_period03,IsEvaluationElaborated,0.0751470157775256
sch03_tch04_06_05_18_period06,IsEvaluationElaborated,0.04617243100610323
sch03_tch04_06_06_18_period03,IsEvaluationElaborated,0.004443831099187806
sch03_tch04_06_06_18_period06,IsEvaluationElaborated,0.13367883664730537
sch01_tch01_03_19_18_period03,Authenticity,0.11480700668052811
sch01_tch01_03_19_18_period05,Authenticity,0.19458334094927587
sch01_tch01_04_05_18_period02,Authenticity,0.05736090103834374
sch01_tch01_04_05_18_period03,Authenticity,0.001395189230865193
sch01_tch01_04_05_18_period05,Authenticity,0.2729916394038532
sch01_tch01_04_16_18_period02,Authenticity,0.044946996412089435
sch01_tch01_04_23_18_period05,Authenticity,0.02000895385474799
sch01_tch01_04_24_18_period03,Authenticity,0.025130906159133964
sch01_tch01_04_24_18_period05,Authenticity,0.2285996405825858
sch01_tch02_04_26_18_period05,Authenticity,0.035985075041182146
sch01_tch02_04_26_18_period06,Authenticity,0.04333446184348947
sch01_tch02_04_27_18_period05,Authenticity,0.01739480030185299
sch01_tch02_04_27_18_period06,Authenticity,0.04061628425374802
sch01_tch02_04_30_18_period06,Authenticity,0.11002961450112272
sch01_tch02_05_02_18_period05,Authenticity,0.04659783309961341
sch01_tch02_05_02_18_period06,Authenticity,2.615419995737056e-05
sch01_tch02_05_03_18_period05,Authenticity,0.07619961805570374
sch01_tch02_05_03_18_period06,Authenticity,0.08155192268570027
sch01_tch03_02_28_18_period04,Authenticity,0.09028818800939706
sch01_tch03_03_01_18_period03,Authenticity,0.04248467037992211
sch01_tch03_03_12_18_period03,Authenticity,0.05051529568220011
sch01_tch03_03_12_18_period04,Authenticity,0.028528959190440913
sch01_tch03_03_15_18_period04,Authenticity,0.0886772223490027
sch01_tch04_03_07_18_period05,Authenticity,0.0844279640092585
sch01_tch04_03_08_18_period05,Authenticity,0.09332770815955357
sch01_tch04_04_27_18_period05,Authenticity,0.043424246180767706
sch01_tch04_04_30_18_period04,Authenticity,0.04154674893151403
sch01_tch04_04_30_18_period05,Authenticity,0.07764611629116724
sch01_tch04_05_01_18_period04,Authenticity,0.09165113796227817
sch01_tch04_05_02_18_period04,Authenticity,0.006825094099124428
sch01_tch05_04_10_18_period02,Authenticity,0.015828603793349133
sch01_tch05_04_10_18_period04,Authenticity,0.10272290552958176
sch01_tch05_04_11_18_period01,Authenticity,0.06297560612541454
sch01_tch05_04_11_18_period04,Authenticity,0.06415448990270242
sch01_tch05_04_12_18_period02,Authenticity,0.06234428155293076
sch01_tch05_04_12_18_period04,Authenticity,0.0813350081414092
sch01_tch05_04_17_18_period02,Authenticity,0.04025921571482901
sch01_tch05_04_17_18_period04,Authenticity,0.04008066706170402
sch02_tch01_03_07_18_period1516,Authenticity,0.05334251766428109
sch02_tch01_03_08_18_period1314,Authenticity,0.04311517888283264
sch02_tch01_03_08_18_period1516,Authenticity,0.034922991473078584
sch02_tch01_03_09_18_period1314,Authenticity,0.033336214257402415
sch02_tch01_03_09_18_period1516,Authenticity,0.06608308648032477
sch02_tch01_03_12_18_period1516,Authenticity,0.051321615063156
sch02_tch01_03_14_18_period1314,Authenticity,0.01512120253652642
sch02_tch01_03_14_18_period1516,Authenticity,0.06697189083370014
sch02_tch01_03_16_18_period1314,Authenticity,0.03906624988629488
sch02_tch02_02_28_18_period05-06,Authenticity,0.11000299754110808
sch02_tch02_02_28_18_period13-14,Authenticity,0.024909905491403497
sch02_tch02_03_01_18_period05-06,Authenticity,0.11022203272673549
sch02_tch02_03_01_18_period13-14,Authenticity,0.04777985443510525
sch02_tch02_03_07_18_period05-06,Authenticity,0.07983383106515288
sch02_tch02_04_23_18_period13-14,Authenticity,0.10264561470805018
sch02_tch02_04_24_18_period5-6,Authenticity,0.06957243249533546
sch02_tch02_04_24_18_period7-8,Authenticity,0.01732665032663009
sch02_tch02_04_26_18_period13-14,Authenticity,0.15570997803307662
sch02_tch03_04_10_18_period02,Authenticity,0.012176506603666691
sch02_tch03_04_10_18_period03,Authenticity,0.01358073376401851
sch02_tch03_04_11_18_period02,Authenticity,0.1757497658363979
sch02_tch03_04_11_18_period03,Authenticity,0.01333041799359369
sch02_tch03_04_12_18_period02,Authenticity,0.18345736454518385
sch02_tch03_04_12_18_period03,Authenticity,0.10758255575580644
sch02_tch03_04_18_18_period02,Authenticity,0.011284181643529137
sch02_tch03_04_18_18_period03,Authenticity,0.057470259887823866
sch02_tch04_04_09_18_period05,Authenticity,0.0
sch02_tch04_04_09_18_period15,Authenticity,0.0632027821842257
sch02_tch04_04_11_18_period05,Authenticity,0.03412697478471143
sch02_tch04_04_11_18_period15,Authenticity,0.04545849011922151
sch02_tch04_04_16_18_period05,Authenticity,0.08222417316279901
sch02_tch04_04_16_18_period15,Authenticity,0.017114282779401677
sch02_tch04_04_19_18_period05,Authenticity,0.015470164438792145
sch02_tch04_04_19_18_period15,Authenticity,0.0594777736453839
sch02_tch05_04_26_18_period1,Authenticity,0.1266613513140884
sch02_tch05_04_26_18_period3,Authenticity,0.01137963754945373
sch02_tch05_04_27_18_period1,Authenticity,0.084192838923242
sch02_tch05_04_27_18_period3,Authenticity,0.09147599117585664
sch02_tch05_04_30_18_period1,Authenticity,0.0474641238328678
sch02_tch05_04_30_18_period3,Authenticity,0.07323674407004463
sch02_tch05_05_01_18_period1,Authenticity,0.031297163358081914
sch02_tch05_05_01_18_period3,Authenticity,0.012626050553634915
sch02_tch06_05_03_18_period1-2,Authenticity,0.015874921530041455
sch02_tch06_05_03_18_period3-4,Authenticity,0.20212240252053928
sch02_tch06_05_04_18_period1-2,Authenticity,0.026509989418229483
sch02_tch06_05_07_18_period3-4,Authenticity,0.057487817379345364
sch02_tch06_05_10_18_period3-4,Authenticity,0.04017063888897577
sch02_tch06_05_14_18_period3-4,Authenticity,0.09769657913002103
sch02_tch06_05_16_18_period3-4,Authenticity,0.10219158541035529
sch02_tch06_05_17_18_period3-4,Authenticity,0.016410742661713926
sch02_tch07_05_04_18_period1-2,Authenticity,0.0314406055249412
sch02_tch07_05_04_18_period3-4,Authenticity,0.03936314174041925
sch02_tch07_05_10_18_period1-2,Authenticity,0.09681163728134932
sch02_tch07_05_10_18_period3-4,Authenticity,0.13592344725050554
sch02_tch07_05_11_18_period3-4,Authenticity,0.05563090877009983
sch02_tch07_05_14_18_period1-2,Authenticity,0.04006251480019788
sch02_tch07_05_14_18_period3-4,Authenticity,0.1699664147432094
sch02_tch07_05_15_18_period1-2,Authenticity,0.21303416951819992
sch03_tch01_05_24_18_period01,Authenticity,0.0225426250475335
sch03_tch01_05_24_18_period02,Authenticity,0.023524991584744
sch03_tch01_05_25_18_period01,Authenticity,0.0015081423815663172
sch03_tch01_05_30_18_period02,Authenticity,0.0015960470272082562
sch03_tch01_05_30_18_period06,Authenticity,0.03231519922209829
sch03_tch01_05_31_18_period04,Authenticity,0.04048321861711894
sch03_tch01_05_31_18_period06,Authenticity,0.008401031842173778
sch03_tch01_06_01_18_period01,Authenticity,0.0878875935874173
sch03_tch01_06_01_18_period02,Authenticity,0.07608677971848067
sch03_tch02_05_29_18_period04,Authenticity,0.0006666613748629521
sch03_tch02_05_29_18_period06,Authenticity,0.056098311241950694
sch03_tch02_05_30_18_period04,Authenticity,0.008586443931442436
sch03_tch02_05_30_18_period06,Authenticity,0.07612064095070402
sch03_tch02_05_31_18_period04,Authenticity,0.02524841405663887
sch03_tch02_05_31_18_period06,Authenticity,0.05921926355666685
sch03_tch02_06_07_18_period04,Authenticity,0.024474719642011197
sch03_tch03_05_24_18_period03,Authenticity,0.04433760861530536
sch03_tch03_05_24_18_period05,Authenticity,0.04876741557894267
sch03_tch03_05_31_18_period03,Authenticity,0.160384295761829
sch03_tch03_05_31_18_period05,Authenticity,0.02914028793579028
sch03_tch03_06_06_18_period03,Authenticity,0.06545510365195017
sch03_tch03_06_06_18_period05,Authenticity,0.07216911040131138
sch03_tch04_05_30_18_period03,Authenticity,0.038901719406834914
sch03_tch04_05_31_18_period05,Authenticity,0.07162636361135227
sch03_tch04_05_31_18_period06,Authenticity,0.0032142906583721726
sch03_tch04_06_04_18_period03,Authenticity,0.04825053397948128
sch03_tch04_06_04_18_period06,Authenticity,0.02909134747837555
sch03_tch04_06_05_18_period03,Authenticity,0.07639951251330354
sch03_tch04_06_05_18_period06,Authenticity,0.00631477199847133
sch03_tch04_06_06_18_period03,Authenticity,0.018840498801128404
sch03_tch04_06_06_18_period06,Authenticity,0.04154333151162371
sch01_tch01_03_19_18_period03,CogLevel,0.1586277539806013
sch01_tch01_03_19_18_period05,CogLevel,0.2052296276089981
sch01_tch01_04_05_18_period02,CogLevel,0.21709693375765204
sch01_tch01_04_05_18_period03,CogLevel,0.08538692788056795
sch01_tch01_04_05_18_period05,CogLevel,0.029022248699674458
sch01_tch01_04_16_18_period02,CogLevel,0.20630065999900385
sch01_tch01_04_23_18_period05,CogLevel,0.20515740567804103
sch01_tch01_04_24_18_period03,CogLevel,0.12458558971304792
sch01_tch01_04_24_18_period05,CogLevel,0.2011868997979523
sch01_tch02_04_26_18_period05,CogLevel,0.013556955957546211
sch01_tch02_04_26_18_period06,CogLevel,0.06348669588476312
sch01_tch02_04_27_18_period05,CogLevel,0.03317113059037825
sch01_tch02_04_27_18_period06,CogLevel,0.010556504596416202
sch01_tch02_04_30_18_period06,CogLevel,0.11943785925000605
sch01_tch02_05_02_18_period05,CogLevel,0.047442903426073824
sch01_tch02_05_02_18_period06,CogLevel,0.004442361231741146
sch01_tch02_05_03_18_period05,CogLevel,0.031164731073149064
sch01_tch02_05_03_18_period06,CogLevel,0.040200875468962095
sch01_tch03_02_28_18_period04,CogLevel,0.010016828034063896
sch01_tch03_03_01_18_period03,CogLevel,0.003748611872380486
sch01_tch03_03_12_18_period03,CogLevel,0.05743963898112403
sch01_tch03_03_12_18_period04,CogLevel,0.11544916924721686
sch01_tch03_03_15_18_period04,CogLevel,0.18580090857057371
sch01_tch04_03_07_18_period05,CogLevel,0.017880987217246354
sch01_tch04_03_08_18_period05,CogLevel,0.052755521666795646
sch01_tch04_04_27_18_period05,CogLevel,0.06291730472748078
sch01_tch04_04_30_18_period04,CogLevel,0.07757438956526855
sch01_tch04_04_30_18_period05,CogLevel,0.11921707116282977
sch01_tch04_05_01_18_period04,CogLevel,0.17838724195801847
sch01_tch04_05_02_18_period04,CogLevel,0.10128472935679904
sch01_tch05_04_10_18_period02,CogLevel,0.12156184229039824
sch01_tch05_04_10_18_period04,CogLevel,0.0608273083140279
sch01_tch05_04_11_18_period01,CogLevel,0.09808331517898043
sch01_tch05_04_11_18_period04,CogLevel,0.08810593306074092
sch01_tch05_04_12_18_period02,CogLevel,0.13624309404786789
sch01_tch05_04_12_18_period04,CogLevel,0.0845510151612645
sch01_tch05_04_17_18_period02,CogLevel,0.04525719492375635
sch01_tch05_04_17_18_period04,CogLevel,0.1091827791920528
sch02_tch01_03_07_18_period1516,CogLevel,0.39189189189189183
sch02_tch01_03_08_18_period1314,CogLevel,0.10106522391214265
sch02_tch01_03_08_18_period1516,CogLevel,0.15438050277929574
sch02_tch01_03_09_18_period1314,CogLevel,0.09221666192044932
sch02_tch01_03_09_18_period1516,CogLevel,0.06497966719119212
sch02_tch01_03_12_18_period1516,CogLevel,0.1908682346855231
sch02_tch01_03_14_18_period1314,CogLevel,0.07733596934546284
sch02_tch01_03_14_18_period1516,CogLevel,0.1987397224333863
sch02_tch01_03_16_18_period1314,CogLevel,0.12645645674609718
sch02_tch02_02_28_18_period05-06,CogLevel,0.08050005224265039
sch02_tch02_02_28_18_period13-14,CogLevel,0.10658374079415447
sch02_tch02_03_01_18_period05-06,CogLevel,0.1602904290526283
sch02_tch02_03_01_18_period13-14,CogLevel,0.19722236705281807
sch02_tch02_03_07_18_period05-06,CogLevel,0.07151919256996211
sch02_tch02_04_23_18_period13-14,CogLevel,0.1724895145407884
sch02_tch02_04_24_18_period5-6,CogLevel,0.11369627903769465
sch02_tch02_04_24_18_period7-8,CogLevel,0.1719496353162234
sch02_tch02_04_26_18_period13-14,CogLevel,0.0017619549985838368
sch02_tch03_04_10_18_period02,CogLevel,0.1579002922823176
sch02_tch03_04_10_18_period03,CogLevel,0.14641712518699973
sch02_tch03_04_11_18_period02,CogLevel,0.12942185102285275
sch02_tch03_04_11_18_period03,CogLevel,0.18026243273620945
sch02_tch03_04_12_18_period02,CogLevel,0.09404279580523654
sch02_tch03_04_12_18_period03,CogLevel,0.10605947707500707
sch02_tch03_04_18_18_period02,CogLevel,0.03909746449327847
sch02_tch03_04_18_18_period03,CogLevel,0.13108236750428842
sch02_tch04_04_09_18_period05,CogLevel,0.01585452405925127
sch02_tch04_04_09_18_period15,CogLevel,0.017421915884586192
sch02_tch04_04_11_18_period05,CogLevel,0.12116062910376435
sch02_tch04_04_11_18_period15,CogLevel,0.1214037769824454
sch02_tch04_04_16_18_period05,CogLevel,0.11026834755491262
sch02_tch04_04_16_18_period15,CogLevel,0.10301414722411943
sch02_tch04_04_19_18_period05,CogLevel,0.0663593188128183
sch02_tch04_04_19_18_period15,CogLevel,0.15198511734417516
sch02_tch05_04_26_18_period1,CogLevel,0.08373249645888622
sch02_tch05_04_26_18_period3,CogLevel,0.09574852721273278
sch02_tch05_04_27_18_period1,CogLevel,0.01062583257221611
sch02_tch05_04_27_18_period3,CogLevel,0.20901384583315777
sch02_tch05_04_30_18_period1,CogLevel,0.34584859472980795
sch02_tch05_04_30_18_period3,CogLevel,0.1742317017988489
sch02_tch05_05_01_18_period1,CogLevel,0.14502367264423496
sch02_tch05_05_01_18_period3,CogLevel,0.1927612744593414
sch02_tch06_05_03_18_period1-2,CogLevel,0.08538718933340272
sch02_tch06_05_03_18_period3-4,CogLevel,0.04976310395184834
sch02_tch06_05_04_18_period1-2,CogLevel,0.07828322145123277
sch02_tch06_05_07_18_period3-4,CogLevel,0.13829947917144755
sch02_tch06_05_10_18_period3-4,CogLevel,0.11495475106564415
sch02_tch06_05_14_18_period3-4,CogLevel,0.03747157217184112
sch02_tch06_05_16_18_period3-4,CogLevel,0.034718156509405684
sch02_tch06_05_17_18_period3-4,CogLevel,0.15617853753715955
sch02_tch07_05_04_18_period1-2,CogLevel,0.15628512301504707
sch02_tch07_05_04_18_period3-4,CogLevel,0.21394734794244766
sch02_tch07_05_10_18_period1-2,CogLevel,0.1387556934962348
sch02_tch07_05_10_18_period3-4,CogLevel,0.1722356972356549
sch02_tch07_05_11_18_period3-4,CogLevel,0.1148836451510416
sch02_tch07_05_14_18_period1-2,CogLevel,0.116918474977799
sch02_tch07_05_14_18_period3-4,CogLevel,0.15636260105850414
sch02_tch07_05_15_18_period1-2,CogLevel,0.09303049850496337
sch03_tch01_05_24_18_period01,CogLevel,0.10472893578586308
sch03_tch01_05_24_18_period02,CogLevel,0.04588076609939373
sch03_tch01_05_25_18_period01,CogLevel,0.11333529222571147
sch03_tch01_05_30_18_period02,CogLevel,0.12872637642767892
sch03_tch01_05_30_18_period06,CogLevel,0.12287963772279535
sch03_tch01_05_31_18_period04,CogLevel,0.0897836918044371
sch03_tch01_05_31_18_period06,CogLevel,0.17935382058284505
sch03_tch01_06_01_18_period01,CogLevel,0.1490654425056969
sch03_tch01_06_01_18_period02,CogLevel,0.010737550075557961
sch03_tch02_05_29_18_period04,CogLevel,0.16069630934881235
sch03_tch02_05_29_18_period06,CogLevel,0.03256093711473497
sch03_tch02_05_30_18_period04,CogLevel,0.0
sch03_tch02_05_30_18_period06,CogLevel,0.07779146678283384
sch03_tch02_05_31_18_period04,CogLevel,0.028077709257061604
sch03_tch02_05_31_18_period06,CogLevel,0.02749357366417374
sch03_tch02_06_07_18_period04,CogLevel,0.03934078838235339
sch03_tch03_05_24_18_period03,CogLevel,0.059626603150309626
sch03_tch03_05_24_18_period05,CogLevel,0.04512433457392274
sch03_tch03_05_31_18_period03,CogLevel,0.07372182030349644
sch03_tch03_05_31_18_period05,CogLevel,0.12062457687592422
sch03_tch03_06_06_18_period03,CogLevel,0.09563717212726662
sch03_tch03_06_06_18_period05,CogLevel,0.1311037832761626
sch03_tch04_05_30_18_period03,CogLevel,0.08885156569709822
sch03_tch04_05_31_18_period05,CogLevel,0.14994671874965998
sch03_tch04_05_31_18_period06,CogLevel,0.08398434284491987
sch03_tch04_06_04_18_period03,CogLevel,0.08439322894163205
sch03_tch04_06_04_18_period06,CogLevel,0.10986881999130786
sch03_tch04_06_05_18_period03,CogLevel,0.17621578868696397
sch03_tch04_06_05_18_period06,CogLevel,0.10693450471356901
sch03_tch04_06_06_18_period03,CogLevel,0.10312226782200469
sch03_tch04_06_06_18_period06,CogLevel,0.12057710349006795
sch01_tch01_03_19_18_period03,Uptake,0.09842268351245331
sch01_tch01_03_19_18_period05,Uptake,0.028644253484568484
sch01_tch01_04_05_18_period02,Uptake,0.019415051598275404
sch01_tch01_04_05_18_period03,Uptake,0.10540345058390144
sch01_tch01_04_05_18_period05,Uptake,0.04756433060047123
sch01_tch01_04_16_18_period02,Uptake,0.004011585451300509
sch01_tch01_04_23_18_period05,Uptake,0.01562722875722619
sch01_tch01_04_24_18_period03,Uptake,0.022925354573945057
sch01_tch01_04_24_18_period05,Uptake,0.02900566677620124
sch01_tch02_04_26_18_period05,Uptake,0.007805354877677509
sch01_tch02_04_26_18_period06,Uptake,0.02733084350566524
sch01_tch02_04_27_18_period05,Uptake,0.012277279935345865
sch01_tch02_04_27_18_period06,Uptake,0.022986648590851255
sch01_tch02_04_30_18_period06,Uptake,0.01485034155006603
sch01_tch02_05_02_18_period05,Uptake,0.015343370530261488
sch01_tch02_05_02_18_period06,Uptake,0.034286832276645814
sch01_tch02_05_03_18_period05,Uptake,0.014579319864856973
sch01_tch02_05_03_18_period06,Uptake,0.02241791694868179
sch01_tch03_02_28_18_period04,Uptake,0.006265687682583576
sch01_tch03_03_01_18_period03,Uptake,0.028425138553712332
sch01_tch03_03_12_18_period03,Uptake,0.006489316035418566
sch01_tch03_03_12_18_period04,Uptake,0.007836902855880104
sch01_tch03_03_15_18_period04,Uptake,0.04857595946555726
sch01_tch04_03_07_18_period05,Uptake,0.03363709292814557
sch01_tch04_03_08_18_period05,Uptake,0.058234505760083266
sch01_tch04_04_27_18_period05,Uptake,0.03531960873694449
sch01_tch04_04_30_18_period04,Uptake,0.002957796244437226
sch01_tch04_04_30_18_period05,Uptake,0.00845352233636294
sch01_tch04_05_01_18_period04,Uptake,0.034738150220899565
sch01_tch04_05_02_18_period04,Uptake,0.0450072577598866
sch01_tch05_04_10_18_period02,Uptake,0.04533262752497458
sch01_tch05_04_10_18_period04,Uptake,0.09941667091784133
sch01_tch05_04_11_18_period01,Uptake,0.011326788818781752
sch01_tch05_04_11_18_period04,Uptake,0.014760496471410128
sch01_tch05_04_12_18_period02,Uptake,0.014908071811449888
sch01_tch05_04_12_18_period04,Uptake,0.01879669530346754
sch01_tch05_04_17_18_period02,Uptake,0.02157921737444637
sch01_tch05_04_17_18_period04,Uptake,0.014648678003144119
sch02_tch01_03_07_18_period1516,Uptake,0.036496341094683714
sch02_tch01_03_08_18_period1314,Uptake,0.01170780617014848
sch02_tch01_03_08_18_period1516,Uptake,0.03692750459126254
sch02_tch01_03_09_18_period1314,Uptake,0.011376260124953953
sch02_tch01_03_09_18_period1516,Uptake,0.020904037542965298
sch02_tch01_03_12_18_period1516,Uptake,0.007837437313775335
sch02_tch01_03_14_18_period1314,Uptake,0.003877358688822198
sch02_tch01_03_14_18_period1516,Uptake,0.0614375359429353
sch02_tch01_03_16_18_period1314,Uptake,0.004863288386139708
sch02_tch02_02_28_18_period05-06,Uptake,0.017015681600712478
sch02_tch02_02_28_18_period13-14,Uptake,0.0030080619431869238
sch02_tch02_03_01_18_period05-06,Uptake,0.005608887743699772
sch02_tch02_03_01_18_period13-14,Uptake,0.013356006425349577
sch02_tch02_03_07_18_period05-06,Uptake,0.026842884098796878
sch02_tch02_04_23_18_period13-14,Uptake,0.04853381825970323
sch02_tch02_04_24_18_period5-6,Uptake,0.011424205952399593
sch02_tch02_04_24_18_period7-8,Uptake,0.009876021918799074
sch02_tch02_04_26_18_period13-14,Uptake,0.004666888672691917
sch02_tch03_04_10_18_period02,Uptake,0.00391499002844549
sch02_tch03_04_10_18_period03,Uptake,0.008492962084613961
sch02_tch03_04_11_18_period02,Uptake,0.12938213566145418
sch02_tch03_04_11_18_period03,Uptake,0.0037216361125867597
sch02_tch03_04_12_18_period02,Uptake,0.027630126383354058
sch02_tch03_04_12_18_period03,Uptake,0.03297129687366382
sch02_tch03_04_18_18_period02,Uptake,0.012598941288708271
sch02_tch03_04_18_18_period03,Uptake,0.030677356324519844
sch02_tch04_04_09_18_period05,Uptake,0.006845673165432462
sch02_tch04_04_09_18_period15,Uptake,0.011995313403137595
sch02_tch04_04_11_18_period05,Uptake,0.010151661948293504
sch02_tch04_04_11_18_period15,Uptake,0.01878519763663896
sch02_tch04_04_16_18_period05,Uptake,0.007737884577572864
sch02_tch04_04_16_18_period15,Uptake,0.011210786293769185
sch02_tch04_04_19_18_period05,Uptake,0.03620229101100668
sch02_tch04_04_19_18_period15,Uptake,0.02276354211573164
sch02_tch05_04_26_18_period1,Uptake,0.09684444480237443
sch02_tch05_04_26_18_period3,Uptake,0.07849453139100865
sch02_tch05_04_27_18_period1,Uptake,0.07420182349828147
sch02_tch05_04_27_18_period3,Uptake,0.015018780776205581
sch02_tch05_04_30_18_period1,Uptake,0.15481927710843374
sch02_tch05_04_30_18_period3,Uptake,0.006653781024734004
sch02_tch05_05_01_18_period1,Uptake,0.018393024470230362
sch02_tch05_05_01_18_period3,Uptake,0.11804436751310815
sch02_tch06_05_03_18_period1-2,Uptake,0.017905360406589695
sch02_tch06_05_03_18_period3-4,Uptake,0.048928405994522174
sch02_tch06_05_04_18_period1-2,Uptake,0.01600137196700069
sch02_tch06_05_07_18_period3-4,Uptake,0.014935067915513082
sch02_tch06_05_10_18_period3-4,Uptake,0.015981135405610986
sch02_tch06_05_14_18_period3-4,Uptake,0.02905931808165472
sch02_tch06_05_16_18_period3-4,Uptake,0.18301631362898785
sch02_tch06_05_17_18_period3-4,Uptake,0.015163878593992831
sch02_tch07_05_04_18_period1-2,Uptake,0.024249058787020158
sch02_tch07_05_04_18_period3-4,Uptake,0.02420356948663415
sch02_tch07_05_10_18_period1-2,Uptake,0.023320075152108044
sch02_tch07_05_10_18_period3-4,Uptake,0.001654611179450564
sch02_tch07_05_11_18_period3-4,Uptake,0.012288778370553909
sch02_tch07_05_14_18_period1-2,Uptake,0.003971253829036759
sch02_tch07_05_14_18_period3-4,Uptake,0.006588221302900451
sch02_tch07_05_15_18_period1-2,Uptake,0.007532660313030536
sch03_tch01_05_24_18_period01,Uptake,0.013677983268480166
sch03_tch01_05_24_18_period02,Uptake,0.015
sch03_tch01_05_25_18_period01,Uptake,0.013484690688198379
sch03_tch01_05_30_18_period02,Uptake,0.0028496309668259974
sch03_tch01_05_30_18_period06,Uptake,0.013919299986902597
sch03_tch01_05_31_18_period04,Uptake,0.020670020595197246
sch03_tch01_05_31_18_period06,Uptake,0.0005936575554354208
sch03_tch01_06_01_18_period01,Uptake,0.02041583547371015
sch03_tch01_06_01_18_period02,Uptake,0.016588397176250432
sch03_tch02_05_29_18_period04,Uptake,0.02612602569077752
sch03_tch02_05_29_18_period06,Uptake,0.030200431919416057
sch03_tch02_05_30_18_period04,Uptake,0.009217010917419973
sch03_tch02_05_30_18_period06,Uptake,0.025598981777694974
sch03_tch02_05_31_18_period04,Uptake,0.03533690595525118
sch03_tch02_05_31_18_period06,Uptake,0.01981278420555876
sch03_tch02_06_07_18_period04,Uptake,0.002701813426199577
sch03_tch03_05_24_18_period03,Uptake,0.0026401477450724645
sch03_tch03_05_24_18_period05,Uptake,0.011057975485399996
sch03_tch03_05_31_18_period03,Uptake,0.017077888492110643
sch03_tch03_05_31_18_period05,Uptake,0.002158015873080687
sch03_tch03_06_06_18_period03,Uptake,0.006252099486716996
sch03_tch03_06_06_18_period05,Uptake,0.01630705491952746
sch03_tch04_05_30_18_period03,Uptake,0.0008343366448402174
sch03_tch04_05_31_18_period05,Uptake,0.010721272938817151
sch03_tch04_05_31_18_period06,Uptake,0.0005805651377265852
sch03_tch04_06_04_18_period03,Uptake,0.005783585224272738
sch03_tch04_06_04_18_period06,Uptake,0.009326195222684762
sch03_tch04_06_05_18_period03,Uptake,0.0070737475731322205
sch03_tch04_06_05_18_period06,Uptake,0.017437298942225513
sch03_tch04_06_06_18_period03,Uptake,0.0023256411768159124
sch03_tch04_06_06_18_period06,Uptake,0.024781657418678955
sch01_tch01_03_19_18_period03,IsGoalSpecified,0.03531737873698243
sch01_tch01_03_19_18_period05,IsGoalSpecified,0.009455582494089038
sch01_tch01_04_05_18_period02,IsGoalSpecified,0.15727740677292024
sch01_tch01_04_05_18_period03,IsGoalSpecified,0.13772548838825469
sch01_tch01_04_05_18_period05,IsGoalSpecified,0.07258936174710659
sch01_tch01_04_16_18_period02,IsGoalSpecified,0.0769618342475843
sch01_tch01_04_23_18_period05,IsGoalSpecified,0.08468461353389162
sch01_tch01_04_24_18_period03,IsGoalSpecified,0.040192590046291055
sch01_tch01_04_24_18_period05,IsGoalSpecified,0.04074284167046485
sch01_tch02_04_26_18_period05,IsGoalSpecified,0.034898797904676565
sch01_tch02_04_26_18_period06,IsGoalSpecified,0.0489557760696554
sch01_tch02_04_27_18_period05,IsGoalSpecified,0.0916451326815774
sch01_tch02_04_27_18_period06,IsGoalSpecified,0.025592749544481055
sch01_tch02_04_30_18_period06,IsGoalSpecified,0.1096626822446779
sch01_tch02_05_02_18_period05,IsGoalSpecified,0.14250110186676318
sch01_tch02_05_02_18_period06,IsGoalSpecified,0.030195225208765414
sch01_tch02_05_03_18_period05,IsGoalSpecified,0.1068558471408493
sch01_tch02_05_03_18_period06,IsGoalSpecified,0.04744909070423482
sch01_tch03_02_28_18_period04,IsGoalSpecified,0.08516176273308183
sch01_tch03_03_01_18_period03,IsGoalSpecified,0.0007820628462552395
sch01_tch03_03_12_18_period03,IsGoalSpecified,0.006245587259368163
sch01_tch03_03_12_18_period04,IsGoalSpecified,0.015107923677942725
sch01_tch03_03_15_18_period04,IsGoalSpecified,0.09744318025535842
sch01_tch04_03_07_18_period05,IsGoalSpecified,0.04480736121354291
sch01_tch04_03_08_18_period05,IsGoalSpecified,0.00155109498760677
sch01_tch04_04_27_18_period05,IsGoalSpecified,0.12339818437027335
sch01_tch04_04_30_18_period04,IsGoalSpecified,0.07490454034870195
sch01_tch04_04_30_18_period05,IsGoalSpecified,0.10313133391830304
sch01_tch04_05_01_18_period04,IsGoalSpecified,0.044471325819436115
sch01_tch04_05_02_18_period04,IsGoalSpecified,0.01481625101589018
sch01_tch05_04_10_18_period02,IsGoalSpecified,0.005003943369731874
sch01_tch05_04_10_18_period04,IsGoalSpecified,0.00749391638139596
sch01_tch05_04_11_18_period01,IsGoalSpecified,0.015446520604975214
sch01_tch05_04_11_18_period04,IsGoalSpecified,0.011061761156258301
sch01_tch05_04_12_18_period02,IsGoalSpecified,0.07103545055809021
sch01_tch05_04_12_18_period04,IsGoalSpecified,0.0498090560981827
sch01_tch05_04_17_18_period02,IsGoalSpecified,0.0022297030105356917
sch01_tch05_04_17_18_period04,IsGoalSpecified,0.031050938858924453
sch02_tch01_03_07_18_period1516,IsGoalSpecified,0.011098160897830722
sch02_tch01_03_08_18_period1314,IsGoalSpecified,0.15869842691162916
sch02_tch01_03_08_18_period1516,IsGoalSpecified,0.06167404994319394
sch02_tch01_03_09_18_period1314,IsGoalSpecified,0.13971354558603186
sch02_tch01_03_09_18_period1516,IsGoalSpecified,0.04076399363315344
sch02_tch01_03_12_18_period1516,IsGoalSpecified,0.006620886741357204
sch02_tch01_03_14_18_period1314,IsGoalSpecified,0.027999837835982255
sch02_tch01_03_14_18_period1516,IsGoalSpecified,0.036023572681125104
sch02_tch01_03_16_18_period1314,IsGoalSpecified,0.047146281928046097
sch02_tch02_02_28_18_period05-06,IsGoalSpecified,0.04414265162480098
sch02_tch02_02_28_18_period13-14,IsGoalSpecified,0.014060758181407562
sch02_tch02_03_01_18_period05-06,IsGoalSpecified,0.03265645966239649
sch02_tch02_03_01_18_period13-14,IsGoalSpecified,0.05103225825992466
sch02_tch02_03_07_18_period05-06,IsGoalSpecified,0.03211954062764984
sch02_tch02_04_23_18_period13-14,IsGoalSpecified,0.06580676604880556
sch02_tch02_04_24_18_period5-6,IsGoalSpecified,0.035692667064269046
sch02_tch02_04_24_18_period7-8,IsGoalSpecified,0.08819069814607805
sch02_tch02_04_26_18_period13-14,IsGoalSpecified,0.02036036162777751
sch02_tch03_04_10_18_period02,IsGoalSpecified,0.019577294248112453
sch02_tch03_04_10_18_period03,IsGoalSpecified,0.056700678784640524
sch02_tch03_04_11_18_period02,IsGoalSpecified,0.024413122679116703
sch02_tch03_04_11_18_period03,IsGoalSpecified,0.05489063554490191
sch02_tch03_04_12_18_period02,IsGoalSpecified,0.06267110003310948
sch02_tch03_04_12_18_period03,IsGoalSpecified,0.08426337234977238
sch02_tch03_04_18_18_period02,IsGoalSpecified,0.03916945490361238
sch02_tch03_04_18_18_period03,IsGoalSpecified,0.010477910930158707
sch02_tch04_04_09_18_period05,IsGoalSpecified,0.09494832472401002
sch02_tch04_04_09_18_period15,IsGoalSpecified,0.00999447217814127
sch02_tch04_04_11_18_period05,IsGoalSpecified,0.11866764789588027
sch02_tch04_04_11_18_period15,IsGoalSpecified,0.25871766029246357
sch02_tch04_04_16_18_period05,IsGoalSpecified,0.0669531886481925
sch02_tch04_04_16_18_period15,IsGoalSpecified,0.03385203632579714
sch02_tch04_04_19_18_period05,IsGoalSpecified,0.03632137331106637
sch02_tch04_04_19_18_period15,IsGoalSpecified,0.09848962116793465
sch02_tch05_04_26_18_period1,IsGoalSpecified,0.10345232824709892
sch02_tch05_04_26_18_period3,IsGoalSpecified,0.044538467121535544
sch02_tch05_04_27_18_period1,IsGoalSpecified,0.04359995375516457
sch02_tch05_04_27_18_period3,IsGoalSpecified,0.00902119237909002
sch02_tch05_04_30_18_period1,IsGoalSpecified,0.10999284280789708
sch02_tch05_04_30_18_period3,IsGoalSpecified,0.1038240825179786
sch02_tch05_05_01_18_period1,IsGoalSpecified,0.06976744186046513
sch02_tch05_05_01_18_period3,IsGoalSpecified,0.11292450599328194
sch02_tch06_05_03_18_period1-2,IsGoalSpecified,0.06914428646589568
sch02_tch06_05_03_18_period3-4,IsGoalSpecified,0.017456810838192338
sch02_tch06_05_04_18_period1-2,IsGoalSpecified,0.10482727935644837
sch02_tch06_05_07_18_period3-4,IsGoalSpecified,0.18302916651671042
sch02_tch06_05_10_18_period3-4,IsGoalSpecified,0.1344917509025097
sch02_tch06_05_14_18_period3-4,IsGoalSpecified,0.0005231555594153621
sch02_tch06_05_16_18_period3-4,IsGoalSpecified,0.0762051408752313
sch02_tch06_05_17_18_period3-4,IsGoalSpecified,0.05017748481370676
sch02_tch07_05_04_18_period1-2,IsGoalSpecified,0.12113349924925357
sch02_tch07_05_04_18_period3-4,IsGoalSpecified,0.003861289346287461
sch02_tch07_05_10_18_period1-2,IsGoalSpecified,0.03946066096866768
sch02_tch07_05_10_18_period3-4,IsGoalSpecified,0.040300839191628135
sch02_tch07_05_11_18_period3-4,IsGoalSpecified,0.04316091135051292
sch02_tch07_05_14_18_period1-2,IsGoalSpecified,0.08109612881860595
sch02_tch07_05_14_18_period3-4,IsGoalSpecified,0.0021111275176806527
sch02_tch07_05_15_18_period1-2,IsGoalSpecified,0.1016138919056856
sch03_tch01_05_24_18_period01,IsGoalSpecified,0.06958310289772238
sch03_tch01_05_24_18_period02,IsGoalSpecified,0.07495536324292379
sch03_tch01_05_25_18_period01,IsGoalSpecified,0.07508222225313257
sch03_tch01_05_30_18_period02,IsGoalSpecified,0.07854009782829076
sch03_tch01_05_30_18_period06,IsGoalSpecified,0.005426249461182309
sch03_tch01_05_31_18_period04,IsGoalSpecified,0.07106168017956672
sch03_tch01_05_31_18_period06,IsGoalSpecified,0.04924773761593945
sch03_tch01_06_01_18_period01,IsGoalSpecified,0.09439885160772063
sch03_tch01_06_01_18_period02,IsGoalSpecified,0.11326695162390604
sch03_tch02_05_29_18_period04,IsGoalSpecified,0.11566777858943705
sch03_tch02_05_29_18_period06,IsGoalSpecified,0.09981506416148385
sch03_tch02_05_30_18_period04,IsGoalSpecified,0.07204219088169592
sch03_tch02_05_30_18_period06,IsGoalSpecified,0.06962407463166266
sch03_tch02_05_31_18_period04,IsGoalSpecified,0.02048663076103463
sch03_tch02_05_31_18_period06,IsGoalSpecified,0.07520333596080159
sch03_tch02_06_07_18_period04,IsGoalSpecified,0.037073934479787296
sch03_tch03_05_24_18_period03,IsGoalSpecified,0.12899145557433214
sch03_tch03_05_24_18_period05,IsGoalSpecified,0.10014710967863238
sch03_tch03_05_31_18_period03,IsGoalSpecified,0.06394850937732693
sch03_tch03_05_31_18_period05,IsGoalSpecified,0.11155330368872082
sch03_tch03_06_06_18_period03,IsGoalSpecified,0.05545393809310836
sch03_tch03_06_06_18_period05,IsGoalSpecified,0.09522468324707142
sch03_tch04_05_30_18_period03,IsGoalSpecified,0.06782667184598075
sch03_tch04_05_31_18_period05,IsGoalSpecified,0.054686059800085576
sch03_tch04_05_31_18_period06,IsGoalSpecified,0.06864282108464506
sch03_tch04_06_04_18_period03,IsGoalSpecified,0.11736317526616462
sch03_tch04_06_04_18_period06,IsGoalSpecified,0.050569927379903935
sch03_tch04_06_05_18_period03,IsGoalSpecified,0.06387307361774412
sch03_tch04_06_05_18_period06,IsGoalSpecified,0.026770505968880864
sch03_tch04_06_06_18_period03,IsGoalSpecified,0.07245988307700542
sch03_tch04_06_06_18_period06,IsGoalSpecified,0.06789661399451707
